{
  "k1": 13568417317601479785,
  "k2": 6863947540251259801,
  "c": 17,
  "z": 317803169645443891709186613765902365265,
  "challenge_set": [
    [
      6,
      5
    ],
    [
      1,
      12
    ],
    [
      14,
      16
    ],
    [
      4,
      13
    ],
    [
      3,
      1
    ],
    [
      2,
      2
    ],
    [
      7,
      0
    ],
    [
      10,
      12
    ],
    [
      5,
      4
    ],
    [
      8,
      0
    ],
    [
      13,
      8
    ],
    [
      9,
      2
    ],
    [
      12,
      11
    ],
    [
      15,
      7
    ],
    [
      0,
      12
    ],
    [
      16,
      9
    ],
    [
      11,
      15
    ]
  ]
}